price,price_ghdd,hidden,cat_en,catDesc_en,name_en,nameDesc_en,cat_es,catDesc_es,name_es,nameDesc_es,cat_ang,catDesc_ang,name_ang,nameDesc_ang,cat_tlh,catDesc_tlh,name_tlh,nameDesc_tlh
"Price (use ""image"" for an image link, ""menu"" for the name of a menu, or ""note"" for a note within the menu)",Grubhub/Doordash prices,"Put ""yes"" to hide from menu",Category name,Category description,Food item name (or link to image / name of menu),Food item description,,,,,,,,,,,,
menu,,,,,Food,,,,Comida,,,,Fóda,,,,suj,
$10,$13,,Aperitivos Cubanos,Cuban Appetizers,Tostones Rellenos Sampler,"4 tostones stuffed with Picadillo, Ropa Vieja, Lechón, and Chicken",Aperitivos Cubanos,,Tostones Rellenos,"4 tostones rellenos con Picadillo, Ropa Vieja, Lechón, y Pollo",Formafóda,Tó étenne beforan þín fóda,Tostones Rellenos,"iv tostones áfylden mid Picadillo, Ropa Vieja, Lechón, ond Pollo",bISoppa',,"<span class=""lat"">Tostones Rellenos</span>","4 <span class=""lat"">tostones</span> tebta', <span class=""lat"">Picadillo, Ropa Vieja, Lechón, Pollo</span> je lo'."
$10,$13,,,,Croquetas de Jamón,5 lightly breaded fritters with cured spanish ham. Served with ranch dipping sauce,,,Croquetas de Jamón,"5 frituras rellenas de jamón español, servidos con salsa ranchera",,,Croquetas de Jamón,,,,,
$10,$13,,,,Havana Sampler,"3 croquetas, 3 maduros, 3 tostones, and 3 yuca",,,Muestra de la Havana,"3 croquetas, 3 maduros, 3 tostones, y 3 yuca",,,Hafænes Hlæddisc,"ii croquetas, iii maduros, ii tostones, ond iii yuca",,,"<span class=""lat"">Havana</span>vo' wahwi'","2 <span class=""lat"">croquetas</span>, 3 <span class=""lat"">maduros</span>, 2 <span class=""lat"">tostones</span>, 3 <span class=""lat"">yuca</span> je"
$6,$8,,,,Chicharrones,Freshly made pork rinds,,,Chicharrones,Corteza de cerdo,,,Chicharrones,,,,"<span class=""lat"">Chicharrones</span>",
,,,,,,,,,,,,,,,,,,
,,,,,,,,,,,,,,,,,,
$4,$5,,,,Empanada,Pastry stuffed with Cuban seasoned ground beef,,,Empanada,Empanada frita rellena de picadillo,,,Inhláfte,"Hierste, crummen of picadillo",,,,
,,,,,,,,,,,,,,,,,,
,,,Sándwiches Cubanos,,El Cubano,"Cuban bread with roasted lechon (pork), honey ham, swiss cheese, pickles and mustard. All pressed into a panini",Sándwiches Cubanos,,El Cubano,"Pan cubano con lechón, jamón, queso suizo, mostaza, pepinillos, todo doradito a la parilla",Hláffóda,,El Cubano,"Cúbanisc hláf mid lechón, hamme, swisum cíese, senepe, ond hwerhwettum. Eall gebeþrycced",sandwic,"zej caz - $4 qoj zej <span class=""lat"">maduros, tostones, yuca</span> gap - $3","<span class=""lat"">El Cubano</span>","tir fog quba', <span class=""lat"">lechón </span>(Ha'DIbaH), nim wib fog, hurg, mustard je. hoc bekmohta'."
$11,$14,,,,:Traditional,,,,:Tradicional,,,,:Gewunelíc,,,,:lurdec,
,,,,,,,,,,,,,,,,,,
image,,,,,/images/FoodPhotos/Cubano1.webp,El Cubano,,,/images/FoodPhotos/Cubano1.webp,El Cubano,,,/images/FoodPhotos/Cubano1.webp,El Cubano,,,/images/FoodPhotos/Cubano1.webp,"<span class=""lat"">El Cubano</span>"
,,,,,Tampa Cuban Sandwich,The classic Cuban sandwich with genoa salami for an extra kick of flavor,,,Sándwich a la Tampa,El sándwich cubano clásico con salami para sabor extra,,,Tampa,El Cubano mid piporhamme for máum swæcce,,,,
$12,$15,,,,:Traditional,,,,:Tradicional,,,,:Gewunelíc,,,,,
,,,,,,,,,,,,,,,,,,
,,,,,La Cubana,"Cuban bread with chicken, honey ham, swiss cheese, pickles and mustard. All pressed into a panini",,,La Cubana,"Pan cubano con pollo, jamón, queso suizo, mostaza, pepinillos, todo doradito a la parilla",,,La Cubana,"Cúbanisc hláf mid cicene, hamme, swisum cíese, senepe, ond hwerhwettum. Eall gebeþrycced",,,,
$10,$13,,,,:Traditional,,,,:Tradicional,,,,:Gewunelíc,,,,,
,,,,,,,,,,,,,,,,,,
image,,,,,"/images/FoodPhotos/Cubana,Jupina.webp",La Cubana,,,"/images/FoodPhotos/Cubana,Jupina.webp",La Cubana,,,"/images/FoodPhotos/Cubana,Jupina.webp",La Cubana,,,,
,,,,,El Cubanito,"Cuban bread with honey ham, swiss cheese, pickles and mustard. All pressed into a panini",,,El Cubanito,"Pan cubano con jamón, queso suizo, mostaza, pepinillos, todo doradito a la parilla",,,El Cubanito,"Cúbanisc hláf mid hamme, swisum cíese, senepe, ond hwerhwettum. Eall gebeþrycced",,,,
$10,$13,,,,:Traditional,,,,:Tradicional,,,,:Gewunelíc,,,,,
,,,,,,,,,,,,,,,,,,
$10,$13,,,,Medianoche,The classic Cuban sandwich on a brioche bun for a sweeter taste,,,Medianoche,El sándwich cubano clásico con panecito suave para un sabor más dulce,,,Medianoche,El Cubano mid swétan hláfe,,,,
$12,$15,,,,Bocadito Sampler,"4 sliders made with Picadillo, Ropa Vieja, Pork, and Chicken with swiss cheese, piclkes and mustard. All pressed into a panini",,,Bocaditos,"4 sándwiches pequeños con pidadillo, ropa vieja, lechón, y pollo con pepinillos, mostaza y queso suizo.",,,,,,,,
$13,$17,,,,Croqueta Preparada,"Cuban bread with 4 croquetas, honey ham, swiss cheese, pickles and mustard. All pressed into a panini",,,Croqueta Preparada,"4 croquetas de jamón en pan cubano, queso suizo, jamón, mostaza, pepinillos, todo doradito a la parilla",,,,,,,,
$13,$17,,,,Pan con Lechón,"Toasted Cuban bread with slow roasted pork and sofritas (grilled onions, peppers & garlic)",,,Pan con Lechón,"Pan cubano tostado con pimientos, lechón, y sofritas",,,Pan con Lechón,"Cúbanisc hláf mid piporum, lechón, ond sofritas",,,,
image,,,,,/images/FoodPhotos/PanConLechon.webp,Pan con Lechón,,,/images/FoodPhotos/PanConLechon.webp,Pan con Lechón,,,/images/FoodPhotos/PanConLechon.webp,Pan con Lechón,,,,
$12,$15,,,,Cuban Veggie Sandwich,"Toasted Cuban bread, peppers, onions, pickles, swiss cheese and mustard",,,Sándwich Vegetariano,"Pan cubano tostado con pimientos, cebollas, pepinillos, queso suizo, y mostaza",,,,,,,,
$10,$13,,,,Cuban Pulled Pork,Roasted Pork with pickles and BBQ Sauce on a toasted Brioche Bun,,,Sándwich BBQ,Panecito suave con lechón y pepinillos con salsa BBQ,,,,,,,,
,,,Sopas Cubanas,Homemade soups,Sopa de Pollo,Chicken soup with fresh chicken and vegetables,Sopas Cubanas,,Sopa de Pollo,,Drincfóda ond Ofett,,Cicenedrincfóda,,,,,
,,,,,,,,,,,,,,,,,,
$6,$8,,,,Bowl,,,,Tazón,,,,:Bolla,,,,,
,,,,,Frijoles Negros,Traditional black bean soup,,,Frijoles Negros,,,,Blæcbéana,,,,,
,,,,,,,,,,,,,,,,,,
$6,$8,,,,Bowl,,,,Tazón,,,,:Bolla,,,,,
,,,,,Frijoles Colorados,Traditional red bean soup,,,Frijoles Colorados,,,,Reod Béana,,,,,
,,,,,,,,,,,,,,,,,,
$6,$8,,,,Bowl,,,,Tazón,,,,:Bolla,,,,,
,,,,,,,,,,,,,,,,,,
,,,,,,,,,,,,,,,,,,
,,,Platos de la Casa,"All house plates come with white rice, black beans and a side",,,Platos de la Casa,"Servidos con unos acompañantes: arróz blanco, frijoles negros y plátanos",,,Húsdiscas,Mid án geférscipian,Arróz con Pollo,"Cicenbréadru mid geolwum hwítecorne, cípum, piporum, ond cúbaniscum swæcce",,,,
$16,$20,,,,Lechón,"Shredded, slow roasted pork",,,Lechón,,,,Lechón,"Gescearged, gebræded swin",,,,
$16,$20,,,,Picadillo,Cuban seasoned ground beef,,,Picadillo,,,,Picadillo,Cúbanisc cócnod cú,,,,
,,,,,,,,,,,,,,,,,,
,,,,,,,,,,,,,,,,,,
,,,,,,,,,,,,,,,,,,
$17,$22,,,,Ropa Vieja,"Shredded beef marinated with onions, peppers and garlic",,,Ropa Vieja,,,,Ropa Vieja,Gescearged cú mid piporum ond cípum,,,,
,,,,,,,,,,,,,,,,,,
$12,$15,,Hamburguesas,,Cuban Fritas ,"Two Cuban sliders with ground beef mixed with chorizo, grilled onions, mini fries, and a secret homemade sauce",Hamburguesas,,Fritas Cubanas,Dos hamburguesitas de carne y chorizo con cebollas y papitas fritas con una salsa secreta hecha en casa,Burgeras ond Cúhláffóda,,Cúbanisca Fritas,Twá burgercenu of cý ond ceoriso mid cípum ond hierstedum eorþæpplum mid déaglum dyppe,,,,
$10,$13,,,,Buckeye Burgers,"Two all-american sliders with mustard, pickles and american cheese",,,Buckeye Burgers,"Dos hamburguesitas americanas con mostaza, pepinillos, y queso americano",,,Bucéageburger,"Twá americanisc burgercenu mid senepe, hwerhwettum, ond americaniscum cíese",,,,
,,,,,,,,,,,,,,,,,,
$5,$7,,Sides,,Maduros,Soft and sweet plantains,Acompañantes,,Maduros,,Geférscipian,,Maduros,Henesce ond swéte wegbrǽda,,,,
$4,$5,,,,Tostones,Crunchy salty plantains served with garlic oil dipping sauce,,,Tostones,,,,Tostones,Sealte ond hearde wegbrǽda,,,,
$4,$5,,,,White Rice,,,,Arróz Blanco,,,,Hwítecorn,,,,,
$4,$5,,,,French Fries,,,,Papas Fritas,,,,Hierstede Eorþæppla,,,,,
$4,$5,,,,Yuca,Root vegetable deep fried with garlic oil dipping sauce,,,Yuca,,,,Yuca,Hwíte wyrtrum,,,,
,,,,,,,,,,,,,,,,,,
,,,,,,,,,,,,,,,,,,
,,,,,,,,,,,,,,,,,,
,,,,,,,,,,,,,,,,,,
,,,,,,,,,,,,,,,,,,
,,,,,,,,,,,,,,,,,,
,,,,,,,,,,,,,,,,,,
,,,,,,,,,,,,,,,,,,
,,,,,,,,,,,,,,,,,,
menu,,,,,Drink,,,,Bebidas,,,,Drincas,,,,zuz,
$2,$3,,Cold Drinks,,"Soda, Bottled Water","Coke, Diet Coke, and Sprite are available",Bebidas Frías,,"Gaseosa, Botella de Agua","Coca-Cola, Coca-Cola de Dieta, y Sprite están disponibles",Cealde Drincas,,"Soda, Té, Wæter","Wé habbaþ Coke, Diet Coke, ond Sprite.",zuz bir,,"sip zuz, darg, bik","<span class=""lat"">Coke, Diet Coke, Sprite</span> je DIghaj"
$3,$4,,,,Cuban Soda,"Materva, Jupiña, Iron Beer",,,Gaseosa Cubana,"Iron Beer, Materva, Jupiña",,,Cúbanisc Soda,"Iron Beer, Materva, Jupiña",,,quba'vo' sip zuz,"<span class=""lat"">Iron Beer, Materva, Jupiña</span>"
image,,,,,/images/FoodPhotos/CubanSodas.webp,Cuban Sodas,,,/images/FoodPhotos/CubanSodas.webp,Gaseosas Cubanas,,,/images/FoodPhotos/CubanSodas.webp,Cúbanisc Sodas,,,/images/FoodPhotos/CubanSodas.webp,quba'vo' sip zuzmey
,,,,,,,,,,,,,,,,,,
$4,$5,,,,Cuban Milkshake,Ask what flavors are available,,,Batido Cubano,Sabores de temporada,,,Cúbanisc Meolcsceac,Bid us hwæt wé habbaþ.,,,,
image,,,,,/images/FoodPhotos/MangoShake.webp,Mango Milkshake,,,/images/FoodPhotos/MangoShake.webp,Batido de Mango,,,/images/FoodPhotos/MangoShake.webp,Meolcsceac mid Mango,,,,
,,,,,,,,,,,,,,,,,,
,,,Hot Drinks,,Cafecito,Traditional Cuban Espresso,Bebidas Calientes,,Cafecito,Café Expreso Cubano Tradicional,Hát Drincas,,Cafecito,Cúbanisc caffig,,,,
$2,$3,,,,:Single,,,,:Soltero,,,,:Ánfeald,,,,,
$3,$4,,,,:Double,,,,:Doble,,,,:Twifeald,,,,,
,,,,,Café con Leche,Cuban espresso with steamed milk,,,Café con Leche,Café expreso cubano tradicional con leche espumosa,,,Café con Leche,Cúbanisc caffig mid meolcfám,,,,
$3,$4,,,,:12oz,,,,:12oz,,,,:xii oz,,,,,
$4,$5,,,,:16oz,,,,:16oz,,,,:xvi oz,,,,,
image,,,,,/images/FoodPhotos/CafeConLeche.webp,Café con Leche,,,/images/FoodPhotos/CafeConLeche.webp,Café con Leche,,,/images/FoodPhotos/CafeConLeche.webp,Café con Leche,,,,
$3,$4,,,,Cortadito,Cuban espresso topped off with small amount of steamed milk,,,Cortadito,Café expreso cubano tradicional con un poquito de leche espumosa,,,,,,,,
$5,$7,,,,Colada,2 double shots of espresso (perfect for sharing!),,,Colada,Dos tragos dobles de café expreso (perfectos para compartir!),,,,,,,,
,,,,,,,,,,,,,,,,,,
,,,,,,,,,,,,,,,,,,
,,,,,,,,,,,,,,,,,,
,,,,,,,,,,,,,,,,,,
,,,,,,,,,,,,,,,,,,
,,,,,,,,,,,,,,,,,,
,,,,,,,,,,,,,,,,,,
,,,,,,,,,,,,,,,,,,
,,,,,,,,,,,,,,,,,,
,,,,,,,,,,,,,,,,,,
,,,,,,,,,,,,,,,,,,
,,,,,,,,,,,,,,,,,,
,,,,,,,,,,,,,,,,,,
,,,,,,,,,,,,,,,,,,
,,,,,,,,,,,,,,,,,,
,,,,,,,,,,,,,,,,,,
,,,,,,,,,,,,,,,,,,
menu,,,,,Dessert,,,,Postres,,,,Gabotan,,,,su'gar suj,
$4,$5,,Desserts,,Flan,Vanilla custard with caramel sauce,Postres,,Flan,,Gabotan,,Flan,,su'gar suj,,"<span class=""lat"">Flan</span>",
$4,$5,,,,Tres Leches,"Three layer cake: milk, cake, and frosting",,,Tres Leches,,,,Tres Leches,,,,,